,Test(with pretraining),Train(with pretraining)
1,78.3202846975089,74.79625609452293
2,78.6049822064057,77.4582725363892
3,80.01423487544484,78.62557386383857
4,80.11387900355872,79.3266664294103
5,80.11387900355872,79.51528524146767
6,80.64056939501779,80.17723050642371
7,78.98932384341637,80.33381970888644
8,80.91103202846975,80.46905583828605
9,79.74377224199289,80.47617352930709
10,79.9288256227758,80.88544076301648
